municipality,last comp plan year/date,status,source URL,notes
City of Beacon,2017-04-03,older,https://beaconny.gov/wp-content/uploads/2019/10/Beacon-Comprehensive-Plan-Final.pdf,2017 comprehensive plan update; city studies page lists no newer comprehensive plan.
Town of Fishkill,2023-05-03,recent,https://www.fishkill-ny.gov/town-comprehensive-plans.html,2023 update to 2009 plan.
Village of Fishkill,2009 (July 20 likely),old,https://www.vofishkill.gov/comprehensive-plan/,"Official page describes a July 20 2009 hearing but says July 20 2008 acceptance, an internal typo; Dutchess County independently identifies 2009 update: https://www.dutchessny.gov/Departments/Planning/docs/Green-Space-Fishkill.pdf"
Village of Wappingers Falls,2001-03-14,very old,https://wappingersfallsny.gov/wp-content/uploads/2019/12/Comprehensive-Plan.pdf,Later zoning amendments are not comprehensive-plan updates.
Town of Wappinger,2025 (interim update),recent partial update,https://townofwappingerny.gov/wp-content/uploads/2025/06/Wappinger_-2010-Comprehensive-Plan-Updates_2025_3.31.2025.pdf,Updates the 2010 plan; a full rewrite is advised. Municipal sitemap calls it adopted but separate adoption resolution was not independently retrieved.
City of Newburgh,2008 (2011 future land-use plan),old,https://www.cityofnewburgh-ny.gov/DocumentCenter/View/2510/Newburgh-Vision-Plan-PDF,"2018 Vision Plan explicitly describes itself as a first draft toward future comprehensive planning, not an adopted replacement."
Town of Newburgh,2005-09 (update),old; updating,https://www.townofnewburghny.gov/cn/webpage.cfm?tpid=18630,Town posts a January 29 2026 draft GEIS for a plan update; draft is not an adopted update. Official town document references adopted September 2005 update: https://www.townofnewburghny.gov/uppages/A011107140517.htm
Town of New Windsor,2021-04,recent,https://www.newwindsor-ny.gov/Home/PageYear1036/2037/PageMonth1036/3,"Town lists Comprehensive Plan - April 2021 linked to adopted-named PDF; direct PDF fetch failed, so exact adoption resolution not checked."
Town of Marlborough,2017-12-11,older,https://www.townofmarlboroughny.gov/DocumentCenter/View/1726/Town-Board-Regular-Meeting-Minutes-December-11-2017,Town Board adopted plan by Resolution 114; 2020 waterfront plan adoption is distinct.
Town of Lloyd,2024 (adoption notice 2024-12-31),recent,https://dec.ny.gov/news/environmental-notice-bulletin/2024-12-31/seqr/town-of-lloyd-adoption-of-town-of-lloyd-comprehensive-plan-update,NYS DEC notice records adoption proposal/negative declaration; exact town-board adoption date not independently checked.
Town of Philipstown,2021-11,recent,https://cms3.revize.com/revize/philipstown/Documents/Advisory%20Committees/2022-03-30-Philipstown-Comprehesive-Plan-FINAL.pdf,Town plan does not replace the separate village plans.
Village of Cold Spring,2012-01-10,older,https://www.coldspringny.gov/264/Adopted-Comprehensive-Plan-Drafts,Adopted plan page also lists older 2011 drafts; date corroborated by contemporaneous press.
Village of Nelsonville,1991,very old; update funding sought,https://www.nelsonvilleny.gov/boards-and-meetings,"2025 grant application for update unsuccessful; March 2026 minutes show resubmission, not adopted new plan: https://www.nelsonvilleny.gov/_files/ugd/b667a0_ef9236dc6520473b80e11da74baa58d3.pdf"
Town of Poughkeepsie,2021-10-06,recent,https://www.townofpoughkeepsie-ny.gov/252/Comprehensive-Plan-Review-Committee-CPRC,Town Board adoption date stated on official page.
